Date,day_no,Daily new confirmed cases,Total confirmed cases,Daily new deaths,Total deaths,Daily new recovered,Total recovered,Daily New Tests,Total Tests,Active Cases,infection rate
08-03-20,1,3,3,0,0,0,0,9,120,3,0.333
09-03-20,2,0,3,0,0,0,0,7,127,3,0
10-03-20,3,0,3,0,0,0,0,10,137,3,0
11-03-20,4,0,3,0,0,2,2,10,147,1,0
12-03-20,5,0,3,0,0,0,2,16,163,1,0
13-03-20,6,0,3,0,0,0,2,24,187,1,0
14-03-20,7,0,3,0,0,0,2,24,211,1,0
15-03-20,8,2,5,0,0,0,2,30,241,3,0.067
16-03-20,9,3,8,0,0,1,3,27,268,5,0.111
17-03-20,10,2,10,0,0,0,3,49,317,7,0.041
18-03-20,11,4,14,1,1,1,4,10,327,9,0.4
19-03-20,12,3,17,0,1,0,4,46,373,12,0.065
20-03-20,13,3,20,0,1,0,4,36,409,15,0.083
21-03-20,14,4,24,1,2,2,6,36,445,16,0.111
22-03-20,15,3,27,0,2,0,6,27,472,19,0.111
23-03-20,16,6,33,1,3,0,6,56,528,24,0.107
24-03-20,17,6,39,1,4,0,6,92,620,29,0.065
25-03-20,18,0,39,1,5,6,12,82,702,22,0
26-03-20,19,5,44,0,5,0,12,126,828,27,0.04
27-03-20,20,4,48,0,5,0,12,106,934,31,0.038
28-03-20,21,0,48,0,5,4,16,47,981,27,0
29-03-20,22,0,48,0,5,4,20,109,1090,23,0
30-03-20,23,1,49,0,5,4,24,153,1243,20,0.007
31-03-20,24,2,51,0,5,6,30,140,1383,16,0.014
01-04-20,25,3,54,1,6,1,31,157,1540,17,0.019
02-04-20,26,2,56,0,6,0,31,141,1681,19,0.014
03-04-20,27,5,61,0,6,0,31,203,1884,24,0.025
04-04-20,28,9,70,2,8,4,35,434,2318,27,0.021
05-04-20,29,18,88,1,9,3,38,367,2685,41,0.049
06-04-20,30,35,123,3,12,0,38,468,3153,73,0.075
07-04-20,31,41,164,5,17,0,38,792,3945,109,0.052
08-04-20,32,54,218,3,20,0,38,981,4926,160,0.055
09-04-20,33,112,330,1,21,0,38,905,5831,271,0.124
10-04-20,34,94,426,6,27,0,38,1184,7015,361,0.079
11-04-20,35,58,482,3,30,3,41,954,7969,411,0.061
12-04-20,36,139,621,4,34,3,44,1340,9309,543,0.104
13-04-20,37,182,803,5,39,3,47,1570,10879,717,0.116
14-04-20,38,209,1012,7,46,0,47,1905,12784,919,0.11
15-04-20,39,219,1231,4,50,7,54,1740,14524,1127,0.126
16-04-20,40,341,1572,10,60,0,54,2135,16659,1458,0.16
17-04-20,41,266,1838,15,75,9,63,2190,18849,1700,0.122
18-04-20,42,306,2144,9,84,8,71,2114,20963,1989,0.145
19-04-20,43,312,2456,7,91,9,80,2634,23597,2285,0.119
20-04-20,44,492,2948,10,101,10,90,2779,26376,2757,0.177
21-04-20,45,434,3382,9,110,2,92,2974,29350,3180,0.146
22-04-20,46,390,3772,10,120,5,97,3043,32393,3555,0.128
23-04-20,47,414,4186,7,127,16,113,3460,35853,3946,0.12
24-04-20,48,503,4689,4,131,4,117,3386,39239,4441,0.149
25-04-20,49,309,4998,9,140,1,118,3637,42876,4740,0.085
26-04-20,50,418,5416,5,145,9,127,3476,46352,5144,0.12
27-04-20,51,497,5913,7,152,9,136,3812,50164,5625,0.13
28-04-20,52,549,6462,3,155,8,144,4332,54496,6163,0.127
29-04-20,53,641,7103,8,163,11,155,4968,59464,6785,0.129
30-04-20,54,564,7667,5,168,10,165,4965,64429,7334,0.114
01-05-20,55,571,8238,2,170,14,179,5573,70002,7889,0.103
02-05-20,56,552,8790,5,175,3,182,5827,75829,8433,0.095
03-05-20,57,665,9455,2,177,886,1068,5368,81197,8210,0.124
04-05-20,58,688,10143,5,182,146,1214,6260,87457,8747,0.11
05-05-20,59,786,10929,1,183,194,1408,5711,93168,9338,0.138
06-05-20,60,790,11719,3,186,0,1408,6241,99409,10125,0.127
07-05-20,61,706,12425,13,199,507,1915,5867,105276,10311,0.12
08-05-20,62,709,13134,7,206,191,2106,5941,111217,10822,0.119
09-05-20,63,636,13770,8,214,313,2419,5518,116735,11137,0.115
10-05-20,64,887,14657,14,228,236,2655,5738,122473,11774,0.155
11-05-20,65,1034,15691,11,239,252,2907,7208,129681,12545,0.144
12-05-20,66,969,16660,11,250,245,3152,6773,136454,13258,0.143
13-05-20,67,1162,17822,19,269,214,3366,7900,144354,14187,0.147
14-05-20,68,1041,18863,14,283,242,3608,7392,151746,14972,0.141
15-05-20,69,1202,20065,15,298,279,3887,8582,160328,15880,0.14
16-05-20,70,930,20995,16,314,235,4122,6602,166930,16559,0.141
17-05-20,71,1273,22268,14,328,256,4378,8114,175044,17562,0.157
18-05-20,72,1602,23870,21,349,212,4590,9858,184902,18931,0.163
19-05-20,73,1251,25121,21,370,408,4998,8559,193461,19753,0.146
20-05-20,74,1617,26738,16,386,214,5212,10207,203668,21140,0.158
21-05-20,75,1773,28511,22,408,395,5607,10262,213930,22496,0.173
22-05-20,76,1694,30205,24,432,588,6195,9727,223657,23578,0.174
23-05-20,77,1873,32078,20,452,296,6491,10834,234491,25135,0.173
24-05-20,78,1532,33610,28,480,415,6906,8908,243399,26224,0.172
25-05-20,79,1975,35585,21,501,433,7339,9451,252850,27745,0.209
26-05-20,80,1166,36751,21,522,245,7584,5516,258366,28645,0.211
27-05-20,81,1541,38292,22,544,346,7930,7906,266272,29818,0.195
28-05-20,82,2029,40321,15,559,500,8430,9320,275592,31332,0.218
29-05-20,83,2523,42844,23,582,590,9020,11291,286883,33242,0.224
30-05-20,84,1764,44608,28,610,360,9380,9987,296870,34618,0.177
31-05-20,85,2545,47153,40,650,406,9786,11876,308746,36717,0.214
01-06-20,86,2381,49534,22,672,816,10602,12039,320785,38260,0.198
02-06-20,87,2911,52445,37,709,523,11125,12104,332889,40611,0.241
03-06-20,88,2695,55140,37,746,470,11595,12510,345399,42799,0.215
04-06-20,89,2423,57563,35,781,571,12166,12694,358093,44616,0.191
05-06-20,90,2828,60391,30,811,643,12809,14088,372181,46771,0.201
06-06-20,91,2635,63026,35,846,521,13330,12486,384667,48850,0.211
07-06-20,92,2743,65769,42,888,578,13908,13136,397803,50973,0.209
08-06-20,93,2735,68504,42,930,657,14565,12854,410657,53009,0.213
09-06-20,94,3171,71675,45,975,777,15342,14754,425411,55358,0.215
10-06-20,95,3190,74865,37,1012,563,15905,15965,441376,57948,0.2
11-06-20,96,3187,78052,37,1049,847,16752,15772,457148,60251,0.202
12-06-20,97,3471,81523,46,1095,502,17254,15990,473138,63174,0.217
13-06-20,98,2856,84379,44,1139,578,17832,16638,489776,65408,0.172
14-06-20,99,3141,87520,32,1171,903,18735,14505,504281,67614,0.217
15-06-20,100,3099,90619,38,1209,15297,34032,15038,519319,55378,0.206
16-06-20,101,3862,94481,53,1262,2237,36269,17214,536533,56950,0.224
17-06-20,102,4008,98489,43,1305,1925,38194,17527,554060,58990,0.229
18-06-20,103,3803,102292,38,1343,1975,40169,16259,570319,60780,0.234
19-06-20,104,3243,105535,45,1388,2781,42950,15045,585364,61197,0.216
20-06-20,105,3240,108775,37,1425,1048,43998,14031,599395,63352,0.231
21-06-20,106,3531,112306,39,1464,1084,45082,15585,614980,65760,0.227
22-06-20,107,3480,115786,38,1502,1678,46760,15555,630535,67524,0.224
23-06-20,108,3412,119198,43,1545,880,47640,16292,646827,70013,0.209
24-06-20,109,3462,122660,37,1582,2031,49671,16433,663260,71407,0.211
25-06-20,110,3946,126606,39,1621,1829,51500,17999,681259,73485,0.219
26-06-20,111,3868,130474,40,1661,1638,53138,18498,699757,75675,0.209
27-06-20,112,3504,133978,34,1695,1185,54323,15157,714914,77960,0.231
28-06-20,113,3809,137787,43,1738,1409,55732,18099,733013,80317,0.211
29-06-20,114,4014,141801,45,1783,2053,57785,17837,750850,82233,0.225
30-06-20,115,3637,145438,64,1847,1844,59629,18426,769276,83962,0.197
01-07-20,116,3820,149258,41,1888,2484,62113,17875,787151,85257,0.214
02-07-20,117,4019,153277,38,1926,4334,66447,18362,805513,84904,0.219
03-07-20,118,3114,156391,42,1968,1606,68053,14650,820163,86370,0.213
04-07-20,119,3288,159679,29,1997,2673,70726,14727,834890,86956,0.223
05-07-20,120,2738,162417,55,2052,1904,72630,13988,848878,87735,0.196
06-07-20,121,3201,165618,44,2096,3524,76154,14245,863123,87368,0.225
07-07-20,122,3027,168645,55,2151,1953,78107,13173,876296,88387,0.23
08-07-20,123,3489,172134,46,2197,2736,80843,15672,891968,89094,0.223
09-07-20,124,3360,175494,41,2238,3706,84549,15632,907600,88707,0.215
10-07-20,125,2939,178433,37,2275,1862,86411,13488,921088,89747,0.218
11-07-20,126,2696,181129,30,2305,1628,88039,11193,932281,90785,0.241
12-07-20,127,2666,183795,47,2352,5580,93619,11059,943340,87824,0.241
13-07-20,128,3099,186894,39,2391,4703,98322,12423,955763,86181,0.25
14-07-20,129,3163,190057,33,2424,4910,103232,13453,969216,84401,0.235
15-07-20,130,3533,193590,33,2457,2296,105528,14002,983218,85605,0.252
16-07-20,131,2733,196323,39,2496,1440,106968,12889,996107,86859,0.212
17-07-20,132,3034,199357,51,2547,1762,108730,13460,1009567,88080,0.225
18-07-20,133,2709,202066,34,2581,1373,110103,10923,1020490,89382,0.248
19-07-20,134,2459,204525,37,2618,1544,111647,10625,1031115,90260,0.231
20-07-20,135,2895,207420,41,2659,1914,113561,13362,1044477,91200,0.217
21-07-20,136,3105,210525,50,2709,1843,115404,12898,1057375,92412,0.241
22-07-20,137,2729,213254,42,2751,1803,117207,12050,1069425,93296,0.227
23-07-20,138,2856,216110,50,2801,2006,119213,12398,1081823,94096,0.23
24-07-20,139,2548,218658,35,2836,1768,120981,12027,1093850,94841,0.212
25-07-20,140,2520,221178,38,2874,1114,122095,10446,1104296,96209,0.241
26-07-20,141,2275,223453,54,2928,1792,123887,10078,1114374,96638,0.226
27-07-20,142,2772,226225,37,2965,1801,125688,12859,1127233,97572,0.216
28-07-20,143,2960,229185,35,3000,1731,127419,12714,1139947,98766,0.233
29-07-20,144,3009,232194,35,3035,2878,130297,14127,1154074,98862,0.213
30-07-20,145,2695,234889,48,3083,2668,132965,12937,1167011,98841,0.208
31-07-20,146,2772,237661,28,3111,2176,135141,12614,1179625,99409,0.22
01-08-20,147,2079,239740,21,3132,1117,136258,8802,1188427,100350,0.236
02-08-20,148,1006,240746,22,3154,568,136826,3684,1192111,100766,0.273
03-08-20,149,1356,242102,30,3184,1066,137892,4249,1196360,101026,0.319
04-08-20,150,1918,244020,50,3234,1955,139847,7712,1204072,100939,0.249
05-08-20,151,2654,246674,33,3267,1890,141737,11160,1215232,101670,0.238
06-08-20,152,2530,249204,39,3306,2074,143811,12708,1227940,102087,0.199
07-08-20,153,3298,252502,27,3333,1760,145571,12699,1240639,103598,0.26
08-08-20,154,2611,255113,32,3365,1020,146591,11737,1252376,105157,0.223
09-08-20,155,2487,257600,34,3399,1766,148357,10759,1263135,105844,0.231
10-08-20,156,2907,260507,39,3438,2076,150433,12849,1275984,106636,0.226
11-08-20,157,2996,263503,33,3471,1535,151968,14820,1290804,108064,0.202
12-08-20,158,2995,266498,42,3513,1117,153085,14751,1305555,109900,0.203
13-08-20,159,2617,269115,44,3557,1782,154867,13162,1318717,110691,0.199
14-08-20,160,2766,271881,34,3591,1752,156619,12856,1331573,111671,0.215
15-08-20,161,2644,274525,34,3625,1012,157631,12891,1344464,113269,0.205
16-08-20,162,2024,276549,32,3657,1315,158946,10018,1354482,113946,0.202
17-08-20,163,2595,279144,37,3694,1641,160587,12523,1367005,114863,0.207
18-08-20,164,3200,282344,46,3740,3234,163821,14634,1381639,114783,0.219
19-08-20,165,2747,285091,41,3781,2913,166734,14678,1396317,114576,0.187
20-08-20,166,2868,287959,41,3822,3253,169987,14059,1410376,114150,0.204
21-08-20,167,2401,290360,39,3861,3624,173611,12943,1423319,112888,0.186
22-08-20,168,2265,292625,46,3907,2952,176563,11365,1434684,112155,0.199
23-08-20,169,1973,294598,34,3941,3524,180087,10801,1445485,110570,0.183
24-08-20,170,2485,297083,42,3983,3784,183871,13382,1458867,109229,0.186
25-08-20,171,2545,299628,45,4028,3881,187752,14153,1473020,107848,0.18
26-08-20,172,2519,302147,54,4082,3427,191179,15070,1488090,106886,0.167
27-08-20,173,2436,304583,45,4127,3275,194454,15124,1503214,106002,0.161
28-08-20,174,2211,306794,47,4174,3378,197832,13741,1516955,104788,0.161
29-08-20,175,2131,308925,32,4206,2027,199859,11689,1528644,104860,0.182
30-08-20,176,1897,310822,42,4248,3044,202903,11934,1540578,103671,0.159
31-08-20,177,2174,312996,33,4281,2980,205883,12454,1553032,102832,0.175
01-09-20,178,1950,314946,35,4316,3290,209173,12209,1565241,101457,0.16
02-09-20,179,2582,317528,35,4351,2839,212012,15204,1580445,101165,0.17
03-09-20,180,2158,319686,32,4383,2964,214976,14422,1594867,100327,0.15
04-09-20,181,1929,321615,29,4412,2211,217187,13073,1607940,100016,0.148
05-09-20,182,1950,323565,35,4447,1661,218848,12847,1620787,100270,0.152
06-09-20,183,1592,325157,32,4479,3423,222271,11354,1632141,98407,0.14
07-09-20,184,2202,327359,37,4516,3298,225569,15412,1647553,97274,0.143
08-09-20,185,1892,329251,36,4552,3236,228805,14973,1662526,95894,0.126
09-09-20,186,1827,331078,41,4593,2999,231804,14755,1677281,94681,0.124
10-09-20,187,1892,332970,41,4634,2746,234550,15559,1692840,93786,0.122
11-09-20,188,1792,334762,34,4668,2474,237024,14747,1707587,93070,0.122
12-09-20,189,1282,336044,34,4702,2247,239271,10723,1718310,92071,0.12
13-09-20,190,1476,337520,31,4733,2372,241643,12999,1731309,91144,0.114
14-09-20,191,1812,339332,26,4759,2512,244155,14216,1745525,90418,0.128
15-09-20,192,1724,341056,43,4802,2439,246594,14050,1759575,89660,0.123
16-09-20,193,1615,342671,21,4823,2375,248969,13360,1772935,88879,0.121
17-09-20,194,1593,344264,36,4859,2243,251212,13673,1786608,88193,0.117
18-09-20,195,1541,345805,22,4881,1923,253135,12730,1799338,87789,0.121
19-09-20,196,1567,347372,32,4913,2051,255186,13170,1812508,87273,0.119
20-09-20,197,1546,348918,26,4939,2079,257265,11591,1824099,86714,0.133
21-09-20,198,1703,350621,40,4979,2152,259417,12967,1837066,86225,0.131
22-09-20,199,1557,352178,28,5007,2073,261490,14164,1851230,85681,0.11
23-09-20,200,1666,353844,37,5044,2163,263653,14150,1865380,85147,0.118
24-09-20,201,1540,355384,28,5072,2139,265792,12900,1878280,84520,0.119
25-09-20,202,1383,356767,21,5093,1932,267724,12473,1890753,83950,0.111
26-09-20,203,1106,357873,36,5129,1753,269477,10765,1901518,83267,0.103
27-09-20,204,1275,359148,32,5161,1714,271191,10685,1912203,82796,0.119
28-09-20,205,1407,360555,32,5193,1582,272773,11922,1924125,82589,0.118
29-09-20,206,1488,362043,26,5219,1625,274398,12869,1936994,82426,0.116
30-09-20,207,1436,363479,32,5251,1789,276187,13404,1950398,82041,0.107
01-10-20,208,1508,364987,21,5272,1591,277778,11420,1961818,81937,0.132
02-10-20,209,1396,366383,33,5305,1549,279327,11176,1972994,81751,0.125
03-10-20,210,1182,367565,20,5325,1472,280799,9554,1982548,81441,0.124
04-10-20,211,1125,368690,23,5348,1587,282386,9859,1992407,80956,0.114
05-10-20,212,1442,370132,27,5375,1526,283912,11767,2004174,80845,0.123
06-10-20,213,1499,371631,30,5405,1651,285563,12345,2016519,80663,0.121
07-10-20,214,1520,373151,35,5440,1798,287361,13088,2029607,80350,0.116
08-10-20,215,1441,374592,20,5460,1685,289046,12605,2042212,80086,0.114
09-10-20,216,1278,375870,17,5477,1596,290642,11256,2053468,79751,0.114
10-10-20,217,1203,377073,23,5500,1453,292095,10859,2064327,79478,0.111
11-10-20,218,1193,378266,24,5524,1495,293590,9467,2073794,79152,0.126
12-10-20,219,1472,379738,31,5555,1531,295121,13227,2087021,79062,0.111
13-10-20,220,1537,381275,22,5577,1482,296603,13815,2100836,79095,0.111
14-10-20,221,1684,382959,16,5593,1576,298179,14411,2115247,79187,0.117
15-10-20,222,1600,384559,15,5608,1780,299959,14104,2129351,78992,0.113
16-10-20,223,1527,386086,15,5623,1509,301468,13577,2142928,78995,0.113
17-10-20,224,1209,387295,23,5646,1560,303028,11573,2154501,78621,0.105
18-10-20,225,1274,388569,14,5660,1674,304702,11866,2166367,78207,0.107
19-10-20,226,1637,390206,21,5681,1627,306329,15146,2181513,78196,0.108
20-10-20,227,1380,391586,18,5699,1542,307871,13611,2195124,78016,0.101
21-10-20,228,1545,393131,24,5723,1704,309575,14086,2209210,77833,0.11
22-10-20,229,1696,394827,24,5747,1687,311262,14958,2224168,77818,0.113
23-10-20,230,1586,396413,14,5761,1533,312795,14119,2238287,77857,0.112
24-10-20,231,1094,397507,19,5780,1498,314293,10998,2249285,77434,0.1
25-10-20,232,1308,398815,23,5803,1544,315837,11757,2261042,77175,0.111
26-10-20,233,1436,400251,15,5818,1493,317330,13758,2274800,77103,0.104
27-10-20,234,1335,401586,20,5838,1523,318853,12617,2287417,76895,0.106
28-10-20,235,1493,403079,23,5861,1610,320463,12357,2299774,76755,0.121
29-10-20,236,1681,404760,25,5886,1548,322011,14268,2314042,76863,0.118
30-10-20,237,1604,406364,19,5905,1422,323433,14141,2328183,77026,0.113
31-10-20,238,1320,407684,18,5923,1442,324875,11532,2339715,76886,0.115
01-11-20,239,1568,409252,18,5941,1795,326670,12549,2352264,76641,0.125
02-11-20,240,1736,410988,25,5966,1961,328631,12891,2365155,76391,0.135
03-11-20,241,1659,412647,17,5983,1886,330517,14061,2379216,76147,0.118
04-11-20,242,1517,414164,21,6004,1910,332427,13914,2393130,75733,0.109
05-11-20,243,1842,416006,17,6021,1891,334318,15225,2408355,75667,0.121
06-11-20,244,1469,417475,15,6036,1439,335757,13521,2421876,75682,0.109
07-11-20,245,1289,418764,13,6049,1541,337298,11419,2433295,75417,0.113
08-11-20,246,1474,420238,18,6067,1577,338875,12760,2446055,75296,0.116
09-11-20,247,1683,421921,25,6092,1623,340498,14042,2460097,75331,0.12
10-11-20,248,1699,423620,16,6108,1648,342146,13520,2473617,75366,0.126
11-11-20,249,1733,425353,19,6127,1715,343861,14524,2488141,75365,0.119
12-11-20,250,1845,427198,13,6140,1737,345598,17112,2505253,75460,0.108
13-11-20,251,1767,428965,19,6159,1519,347117,13539,2518792,75689,0.131
14-11-20,252,1531,430496,14,6173,1462,348579,11795,2530587,75744,0.13
15-11-20,253,1837,432333,21,6194,1693,350272,14060,2544647,75867,0.131
16-11-20,254,2139,434472,21,6215,1604,351876,15768,2560415,76381,0.136
17-11-20,255,2212,436684,39,6254,1749,353625,15990,2576405,76805,0.138
18-11-20,256,2111,438795,21,6275,1893,355518,16469,2592874,77002,0.128
19-11-20,257,2364,441159,30,6305,1934,357452,17531,2610405,77402,0.135
20-11-20,258,2275,443434,17,6322,1709,359161,15607,2626012,77951,0.146
21-11-20,259,1847,445281,28,6350,1921,361082,12643,2638655,77849,0.146
22-11-20,260,2060,447341,38,6388,2076,363158,13870,2652525,77795,0.149
23-11-20,261,2419,449760,28,6416,2183,365341,16059,2668584,78003,0.151
24-11-20,262,2230,451990,32,6448,2266,367607,15018,2683602,77935,0.149
25-11-20,263,2156,454146,39,6487,2302,369909,16001,2699603,77750,0.135
26-11-20,264,2292,456438,37,6524,2274,372183,17052,2716655,77731,0.134
27-11-20,265,2273,458711,20,6544,2223,374406,16378,2733033,77761,0.139
28-11-20,266,1908,460619,36,6580,2209,376615,14012,2747045,77424,0.136
29-11-20,267,1788,462407,29,6609,2287,378902,13737,2760782,76896,0.13
30-11-20,268,2525,464932,35,6644,2539,381441,13737,2774519,76847,0.184
01-12-20,269,2293,467225,31,6675,2513,383954,15501,2790020,76596,0.148
02-12-20,270,2195,469420,38,6713,2562,386516,15972,2805992,76191,0.137
03-12-20,271,2319,471739,35,6748,2593,389109,16807,2822799,75882,0.138
04-12-20,272,2252,473991,24,6772,2572,391681,15430,2838229,75538,0.146
05-12-20,273,1888,475879,35,6807,2457,394138,13540,2851769,74934,0.139
06-12-20,274,1666,477545,31,6838,2552,396690,13218,2864987,74017,0.126
07-12-20,275,2198,479743,36,6874,2663,399353,14369,2879356,73516,0.153
08-12-20,276,2202,481945,32,6906,2571,401924,17084,2896440,73115,0.129
09-12-20,277,2159,484104,24,6930,4772,406696,17042,2913482,70478,0.127
10-12-20,278,1861,485965,37,6967,4486,411182,16265,2929747,67816,0.114
11-12-20,279,1884,487849,19,6986,3866,415048,16323,2946070,65815,0.115
12-12-20,280,1329,489178,34,7020,3185,418233,12630,2958700,63925,0.105
13-12-20,281,1355,490533,32,7052,3393,421626,12748,2971448,61855,0.106
14-12-20,282,1799,492332,37,7089,2949,424575,16828,2988276,60668,0.107
15-12-20,283,1877,494209,40,7129,2884,427459,19054,3007330,59621,0.099
16-12-20,284,1632,495841,27,7156,2622,430081,17025,3024355,58604,0.096
17-12-20,285,1134,496975,36,7192,2239,432320,13191,3037546,57463,0.086
18-12-20,286,1318,498293,25,7217,2024,434344,14336,3051882,56732,0.092
19-12-20,287,1267,499560,25,7242,1987,436331,12300,3064182,55987,0.103
20-12-20,288,1153,500713,38,7280,1926,438257,13316,3077498,55176,0.087
21-12-20,289,1470,502183,32,7312,2167,440424,15669,3093167,54447,0.094
22-12-20,290,1318,503501,17,7329,2235,442659,15145,3108312,53513,0.087
23-12-20,291,1367,504868,30,7359,2416,445075,15932,3124244,52434,0.086
24-12-20,292,1234,506102,19,7378,2345,447420,13227,3137471,51304,0.093
25-12-20,293,1163,507265,20,7398,2113,449533,13695,3151166,50334,0.085
26-12-20,294,834,508099,30,7428,1685,451218,9912,3161078,49453,0.084
27-12-20,295,1049,509148,24,7452,1473,452691,12650,3173728,49005,0.083
28-12-20,296,932,510080,27,7479,1357,454048,12617,3186345,48553,0.074
29-12-20,297,1181,511261,30,7509,1245,455293,14588,3200933,48459,0.081
30-12-20,298,1235,512496,22,7531,1507,456800,15229,3216162,48165,0.081
31-12-20,299,1014,513510,28,7559,1389,458189,13254,3229416,47762,0.077
01-01-21,300,990,514500,17,7576,1197,459386,12103,3241519,47538,0.082
02-01-21,301,684,515184,23,7599,964,460350,9701,3251220,47235,0.071
03-01-21,302,835,516019,27,7626,978,461328,10925,3262145,47065,0.076
04-01-21,303,910,516929,24,7650,917,462245,12096,3274241,47034,0.075
05-01-21,304,991,517920,20,7670,944,463189,14462,3288703,47061,0.069
06-01-21,305,978,518898,17,7687,1021,464210,15544,3304247,47001,0.063
07-01-21,306,1007,519905,31,7718,966,465176,15381,3319628,47011,0.066
08-01-21,307,785,520690,16,7734,833,466009,13681,3333309,46947,0.057
09-01-21,308,692,521382,22,7756,785,466794,12908,3346217,46832,0.054
10-01-21,309,1071,522453,25,7781,737,467531,12920,3359137,47141,0.083
11-01-21,310,849,523302,22,7803,917,468448,14097,3373234,47051,0.06
12-01-21,311,718,524020,16,7819,974,469422,14363,3387597,46779,0.05
13-01-21,312,890,524910,14,7833,841,470263,15727,3403324,46814,0.057
14-01-21,313,813,525723,16,7849,883,471146,16608,3419932,46728,0.049
15-01-21,314,762,526485,13,7862,718,471864,13678,3433610,46759,0.056
16-01-21,315,578,527063,21,7883,633,472497,12215,3445825,46683,0.047
17-01-21,316,569,527632,23,7906,681,473178,13446,3459271,46548,0.042
18-01-21,317,697,528329,16,7922,736,473914,12707,3471978,46493,0.055
19-01-21,318,702,529031,20,7942,682,474596,15097,3487075,46493,0.047
20-01-21,319,656,529687,8,7950,617,475213,15410,3502485,46524,0.043
21-01-21,320,584,530271,16,7966,602,475815,14761,3517246,46490,0.04
22-01-21,321,619,530890,15,7981,487,476302,14846,3532092,46607,0.042
23-01-21,322,436,531326,22,8003,338,476640,11115,3543207,46683,0.039
24-01-21,323,473,531799,20,8023,514,477154,14169,3557376,46622,0.033
25-01-21,324,602,532401,18,8041,566,477720,14829,3572205,46640,0.041
26-01-21,325,515,532916,14,8055,447,478167,14401,3586606,46694,0.036
27-01-21,326,528,533444,17,8072,509,478676,15932,3602538,46696,0.033
28-01-21,327,509,533953,15,8087,611,479287,14830,3617368,46579,0.034
29-01-21,328,454,534407,7,8094,414,479701,12075,3629443,46612,0.038
30-01-21,329,363,534770,17,8111,336,480037,12084,3641527,46622,0.03
31-01-21,330,369,535139,16,8127,447,480484,12225,3653752,46528,0.03
01-02-21,331,443,535582,10,8137,472,480956,12475,3666227,46489,0.036
02-02-21,332,525,536107,12,8149,512,481468,14452,3680679,46490,0.036
03-02-21,333,438,536545,13,8162,578,482046,14985,3695664,46337,0.029
04-02-21,334,485,537030,13,8175,611,482657,15273,3710937,46198,0.032
05-02-21,335,435,537465,7,8182,507,483164,15566,3726503,46119,0.028
06-02-21,336,305,537770,8,8190,417,483581,12135,3738638,45999,0.025
07-02-21,337,292,538062,15,8205,417,483998,12404,3751042,45859,0.024
08-02-21,338,316,538378,16,8221,559,484557,13762,3764804,45600,0.023
09-02-21,339,387,538765,8,8229,642,485199,14468,3779272,45337,0.027
10-02-21,340,388,539153,10,8239,717,485916,14999,3794271,44998,0.026
11-02-21,341,418,539571,9,8248,681,486597,15776,3810047,44726,0.027
12-02-21,342,404,539975,5,8253,422,487019,14328,3824375,44703,0.028
13-02-21,343,291,540266,13,8266,374,487393,12871,3837246,44607,0.023
14-02-21,344,326,540592,8,8274,462,487855,12900,3850146,44463,0.025
15-02-21,345,446,541038,11,8285,641,488496,14138,3864284,44257,0.032
16-02-21,346,396,541434,13,8298,751,489247,14788,3879072,43889,0.027
17-02-21,347,443,541877,16,8314,633,489880,16612,3895684,43683,0.027
18-02-21,348,391,542268,15,8329,678,490558,14603,3910287,43381,0.027
19-02-21,349,406,542674,8,8337,536,491094,14232,3924519,43243,0.029
20-02-21,350,350,543024,5,8342,424,491518,11148,3935667,43164,0.031
21-02-21,351,327,543351,7,8349,475,491993,14036,3949703,43009,0.023
22-02-21,352,366,543717,7,8356,692,492685,11103,3960806,42676,0.033
23-02-21,353,399,544116,18,8374,828,493513,12748,3973554,42229,0.031
24-02-21,354,428,544544,5,8379,911,494424,16152,3989706,41741,0.027
25-02-21,355,410,544954,5,8384,957,495381,15560,4005266,41189,0.026
26-02-21,356,470,545424,11,8395,743,496124,15032,4020298,40905,0.031
27-02-21,357,407,545831,5,8400,609,496733,12348,4032646,40698,0.033
28-02-21,358,385,546216,8,8408,817,497550,13411,4046057,40258,0.029
01-03-21,359,585,546801,8,8416,873,498423,13570,4059627,39962,0.043
02-03-21,360,515,547316,7,8423,894,499317,15523,4075150,39576,0.033
03-03-21,361,614,547930,5,8428,936,500253,16458,4091608,39249,0.037
04-03-21,362,619,548549,7,8435,841,501094,15985,4107593,39020,0.039
05-03-21,363,635,549184,6,8441,676,501770,13710,4121303,38973,0.046
06-03-21,364,540,549724,10,8451,822,502592,13082,4134385,38681,0.041
07-03-21,365,606,550330,11,8462,1037,503629,14092,4148477,38239,0.043
08-03-21,366,845,551175,14,8476,1117,504746,16958,4165435,37953,0.05
09-03-21,367,912,552087,13,8489,1229,505975,17775,4183210,37623,0.051
10-03-21,368,1018,553105,7,8496,1264,507239,17032,4200242,37370,0.06
11-03-21,369,1051,554156,6,8502,1307,508546,18058,4218300,37108,0.058
12-03-21,370,1066,555222,13,8515,1252,509798,16111,4234411,36909,0.066
13-03-21,371,1014,556236,12,8527,1138,510936,16206,4250617,36773,0.063
14-03-21,372,1159,557395,18,8545,1385,512321,16206,4266823,36529,0.072
15-03-21,373,1773,559168,26,8571,1432,513753,18695,4285518,36844,0.095
16-03-21,374,1719,560887,26,8597,1352,515105,20748,4306266,37185,0.083
17-03-21,375,1865,562752,11,8608,1510,516615,24275,4330541,37529,0.077
18-03-21,376,2187,564939,16,8624,1534,518149,20925,4351466,38166,0.105
19-03-21,377,1899,566838,18,8642,1618,519767,18917,4370383,38429,0.1
20-03-21,378,1868,568706,26,8668,1577,521344,19900,4390283,38694,0.094
21-03-21,379,2172,570878,22,8690,1687,523031,21108,4411391,39157,0.103
22-03-21,380,2809,573687,30,8720,1754,524785,25111,4436502,40182,0.112
23-03-21,381,3554,577241,18,8738,1835,526620,25954,4462456,41883,0.137
24-03-21,382,3567,580808,25,8763,1915,528535,27502,4489958,43510,0.13
25-03-21,383,3587,584395,34,8797,1985,530520,27045,4517003,45078,0.133
26-03-21,384,3737,588132,33,8830,2057,532577,27299,4544302,46725,0.137
27-03-21,385,3674,591806,39,8869,1971,534548,24664,4568966,48389,0.149
28-03-21,386,3908,595714,35,8904,2019,536567,22136,4591102,50243,0.177
29-03-21,387,5181,600895,45,8949,2077,538644,28195,4619297,53302,0.184
30-03-21,388,5042,605937,45,8994,2162,540806,26620,4645917,56137,0.189
31-03-21,389,5358,611295,52,9046,2219,543025,26931,4672848,59224,0.199
01-04-21,390,6469,617764,59,9105,2539,545564,28198,4701046,63095,0.229
02-04-21,391,6830,624594,50,9155,2473,548037,29339,4730385,67402,0.233
03-04-21,392,5683,630277,58,9213,2364,550401,24548,4754933,70663,0.232
04-04-21,393,7087,637364,53,9266,2707,553108,30724,4785657,74990,0.231
05-04-21,394,7075,644439,52,9318,2932,556040,30239,4815896,79081,0.234
06-04-21,395,7213,651652,66,9384,2969,559009,34311,4850207,83259,0.21
07-04-21,396,7626,659278,63,9447,3256,562265,34630,4884837,87566,0.22
08-04-21,397,6854,666132,74,9521,3391,565656,33193,4918030,90955,0.207
09-04-21,398,7462,673594,63,9584,3511,569167,31654,4949684,94843,0.236
10-04-21,399,5343,678937,77,9661,3837,573004,26077,4975761,96272,0.205
11-04-21,400,5819,684756,78,9739,4212,577216,29376,5005137,97801,0.198
12-04-21,401,7201,691957,83,9822,4523,581739,34968,5040105,100396,0.206
13-04-21,402,6028,697985,69,9891,4853,586592,32955,5073060,101502,0.183
14-04-21,403,5185,703170,96,9987,5333,591925,24825,5097885,101258,0.209
15-04-21,404,4192,707362,94,10081,5915,597840,19959,5117844,99441,0.21
16-04-21,405,4417,711779,101,10182,5694,603534,18906,5136750,98063,0.234
17-04-21,406,3473,715252,101,10283,5907,609441,16185,5152935,95528,0.215
18-04-21,407,3698,718950,102,10385,6121,615562,19404,5172339,93003,0.191
19-04-21,408,4271,723221,112,10497,6364,621926,24152,5196491,90798,0.177
20-04-21,409,4559,727780,91,10588,6811,628737,27056,5223547,88455,0.169
21-04-21,410,4280,732060,95,10683,7072,635809,28408,5251955,85568,0.151
22-04-21,411,4014,736074,98,10781,7266,643075,27429,5279384,82218,0.146
23-04-21,412,3629,739703,88,10869,5225,648300,25896,5305280,80534,0.14
24-04-21,413,2697,742400,83,10952,5477,653777,20571,5325851,77671,0.131
25-04-21,414,2922,745322,101,11053,4301,658078,21922,5347773,76191,0.133
26-04-21,415,3306,748628,97,11150,4241,662319,25786,5373559,75159,0.128
27-04-21,416,3031,751659,78,11228,5234,667553,24237,5397796,72878,0.125
28-04-21,417,2955,754614,77,11305,5392,672945,28206,5426002,70364,0.105
29-04-21,418,2341,756955,88,11393,4782,677727,24928,5450930,67835,0.094
30-04-21,419,2177,759132,57,11450,4325,682052,21046,5471976,65630,0.103
01-05-21,420,1452,760584,60,11510,3245,685297,15117,5487093,63777,0.096
02-05-21,421,1359,761943,69,11579,2657,687954,14158,5501251,62410,0.096
03-05-21,422,1739,763682,65,11644,3834,691788,19431,5520682,60250,0.09
04-05-21,423,1914,765596,61,11705,3870,695658,21984,5542666,58233,0.087
05-05-21,424,1742,767338,50,11755,3433,699091,20284,5562950,56492,0.086
06-05-21,425,1822,769160,41,11796,3698,702789,21585,5566279,54575,0.084
07-05-21,426,1682,770842,37,11833,2178,704967,21585,5587864,54042,0.078
08-05-21,427,1285,772127,45,11878,2492,707459,17013,5604877,52790,0.076
09-05-21,428,1386,773513,56,11934,3329,710788,14703,5619580,50791,0.094
10-05-21,429,1514,775027,38,11972,2115,712903,16915,5636495,50152,0.09
11-05-21,430,1230,776257,33,12005,3004,715907,16848,5653343,48345,0.073
12-05-21,431,1140,777397,40,12045,2928,718835,14184,5667527,46517,0.08
13-05-21,432,1290,778687,31,12076,1370,720205,15296,5682823,46406,0.084
14-05-21,433,848,779535,26,12102,852,721057,13471,5696294,46376,0.063
15-05-21,434,261,779796,22,12124,964,722021,7835,5704129,45651,0.033
16-05-21,435,363,780159,25,12149,601,722622,3758,5707887,45388,0.097
17-05-21,436,698,780857,32,12181,1058,723680,5430,5713317,44996,0.129
18-05-21,437,1272,782129,30,12211,1115,724795,10347,5723664,45123,0.123
19-05-21,438,1608,783737,37,12248,1923,726718,16855,5740519,44771,0.095
20-05-21,439,1457,785194,36,12284,1378,728096,20528,5761047,44814,0.071
21-05-21,440,1233,786427,26,12310,1529,729625,19437,5780484,44492,0.063
22-05-21,441,1299,787726,38,12348,759,730384,18294,5798778,44994,0.071
23-05-21,442,1354,789080,28,12376,899,731283,12230,5811008,45421,0.111
24-05-21,443,1441,790521,25,12401,834,732117,15205,5826213,46003,0.095
25-05-21,444,1675,792196,40,12441,1279,733396,17683,5843896,46359,0.095
26-05-21,445,1497,793693,17,12458,1056,734452,16624,5860520,46783,0.09
27-05-21,446,1292,794985,22,12480,1291,735743,16434,5876954,46762,0.079
28-05-21,447,1358,796343,31,12511,1064,736807,15915,5892869,47025,0.085
29-05-21,448,1043,797386,38,12549,1187,737994,14606,5907475,46843,0.071
30-05-21,449,1444,798830,34,12583,1397,739391,13184,5920659,46856,0.11
31-05-21,450,1710,800540,36,12619,1567,740958,14277,5934936,46963,0.12
01-06-21,451,1765,802305,41,12660,1779,742737,18178,5953114,46908,0.097
02-06-21,452,1988,804293,34,12694,1914,744651,18250,5971364,46948,0.109
03-06-21,453,1687,805980,30,12724,1970,746621,20259,5991623,46635,0.083
04-06-21,454,1887,807867,34,12758,1723,748344,16972,6008595,46765,0.111
05-06-21,455,1447,809314,43,12801,1667,750011,18151,6026746,46502,0.08
06-06-21,456,1676,810990,38,12839,1897,751908,13115,6039861,46243,0.128
07-06-21,457,1970,812960,30,12869,1918,753826,15613,6055474,46265,0.126
08-06-21,458,2322,815282,44,12913,2062,755888,17169,6072643,46481,0.135
09-06-21,459,2537,817819,36,12949,2267,758155,19165,6091808,46715,0.132
10-06-21,460,2576,820395,40,12989,2061,760216,20584,6112392,47190,0.125
11-06-21,461,2454,822849,43,13032,2286,762502,19447,6131839,47315,0.126
12-06-21,462,1637,824486,39,13071,2108,764610,18535,6150374,46805,0.088
13-06-21,463,2436,826922,47,13118,2242,766852,11590,6161964,46952,0.21
14-06-21,464,3050,829972,54,13172,2564,769416,18749,6180713,47384,0.163
15-06-21,465,3319,833291,50,13222,2243,771659,20602,6201315,48410,0.161
16-06-21,466,3956,837247,60,13282,2679,774338,23265,6224580,49627,0.17
17-06-21,467,3840,841087,63,13345,2714,777052,23807,6248387,50690,0.161
18-06-21,468,3883,844970,54,13399,1955,779007,24871,6273258,52564,0.156
19-06-21,469,3057,848027,67,13466,1725,780732,20882,6294140,53829,0.146
20-06-21,470,3641,851668,82,13548,2509,783241,16694,6310834,54879,0.218
21-06-21,471,4636,856304,78,13626,2827,786068,22231,6333065,56610,0.209
22-06-21,472,4846,861150,76,13702,2903,788971,24057,6357122,58477,0.201
23-06-21,473,5727,866877,85,13787,3168,792139,25028,6382150,60951,0.229
24-06-21,474,6058,872935,81,13868,3230,795369,28256,6410406,63698,0.214
25-06-21,475,5869,878804,108,13976,2776,798145,30391,6440797,66683,0.193
26-06-21,476,4334,883138,77,14053,3295,801440,27653,6468450,67645,0.157
27-06-21,477,5268,888406,119,14172,3295,804735,19262,6487712,69499,0.274
28-06-21,478,8364,896770,104,14276,3570,808305,24400,6512112,74189,0.343
29-06-21,479,7666,904436,112,14388,4027,812332,35059,6547171,77716,0.219
30-06-21,480,8822,913258,115,14503,4550,816882,31982,6579153,81873,0.276
01-07-21,481,8301,921559,143,14646,4663,821545,32055,6611208,85368,0.259
02-07-21,482,8483,930042,132,14778,4509,826054,30012,6641220,89210,0.283
03-07-21,483,6214,936256,134,14912,3777,829831,22687,6663907,91513,0.274
04-07-21,484,8661,944917,153,15065,4698,834529,29879,6693786,95323,0.29
05-07-21,485,9964,954881,164,15229,5185,839714,34002,6727788,99938,0.293
06-07-21,486,11525,966406,163,15392,5433,845147,36631,6764419,105867,0.315
07-07-21,487,11162,977568,201,15593,5987,851134,35639,6800058,110841,0.313
08-07-21,488,11651,989219,199,15792,5844,856978,36850,6836908,116449,0.316
09-07-21,489,11324,1000543,212,16004,6038,863016,36586,6873494,121523,0.31
10-07-21,490,8772,1009315,185,16189,5755,868771,27884,6901378,124355,0.315
11-07-21,491,11874,1021189,230,16419,6362,875133,40015,6941393,129637,0.297
12-07-21,492,13768,1034957,220,16639,7020,882153,44067,6985460,136165,0.312
13-07-21,493,12198,1047155,203,16842,7646,889799,41755,7027215,140514,0.292
14-07-21,494,12383,1059538,210,17052,8245,898044,42490,7069705,144442,0.291
15-07-21,495,12236,1071774,226,17278,8395,906439,44941,7114646,148057,0.272
16-07-21,496,12148,1083922,187,17465,8536,914975,41945,7156591,151482,0.29
17-07-21,497,8489,1092411,204,17669,8820,923795,29214,7185805,150947,0.291
18-07-21,498,11578,1103989,225,17894,8845,932640,39806,7225611,153455,0.291
19-07-21,499,13321,1117310,231,18125,9335,941975,45012,7270623,157210,0.296
20-07-21,500,11579,1128889,200,18325,9997,951972,39510,7310133,158592,0.293
21-07-21,501,7614,1136503,173,18498,9704,961676,24979,7335112,156329,0.305
22-07-21,502,3697,1140200,187,18685,8566,970242,11486,7346598,151273,0.322
23-07-21,503,6364,1146564,166,18851,9006,979248,20493,7367091,148465,0.311
24-07-21,504,6780,1153344,195,19046,9723,988971,20827,7387918,145327,0.326
25-07-21,505,11291,1164635,228,19274,10584,999555,37587,7425505,145806,0.3
26-07-21,506,15192,1179827,247,19521,11052,1010607,50952,7476457,149699,0.298
27-07-21,507,14925,1194752,258,19779,12439,1023046,52478,7528935,151927,0.284
28-07-21,508,16230,1210982,237,20016,13470,1036516,53877,7582812,154450,0.301
29-07-21,509,15271,1226253,239,20255,14336,1050852,52282,7635094,155146,0.292
30-07-21,510,13972,1240225,212,20467,13975,1064827,45044,7680138,154931,0.31
31-07-21,511,9369,1249594,218,20685,14017,1078844,30980,7711118,150065,0.302
01-08-21,512,14844,1264438,231,20916,15054,1093898,49529,7760647,149624,0.3
02-08-21,513,15989,1280427,246,21162,15482,1109380,53462,7814109,149885,0.299
03-08-21,514,15776,1296203,235,21397,16297,1125677,55284,7869393,149129,0.285
04-08-21,515,13817,1310020,241,21638,16112,1141789,49514,7918907,146593,0.279
05-08-21,516,12744,1322764,264,21902,15786,1157575,46995,7965902,143287,0.271
06-08-21,517,12606,1335370,248,22150,15494,1173069,48015,8013917,140151,0.263
07-08-21,518,8136,1343506,261,22411,16383,1189452,31714,8045631,131643,0.257
08-08-21,519,10299,1353805,241,22652,16627,1206079,42003,8087634,125074,0.245
09-08-21,520,11463,1365268,245,22897,14412,1220491,47207,8134841,121880,0.243
10-08-21,521,11164,1376432,264,23161,14903,1235394,47424,8182265,117877,0.235
11-08-21,522,10420,1386852,237,23398,13313,1248707,44430,8226695,114747,0.235
12-08-21,523,10126,1396978,215,23613,13990,1262697,45087,8271782,110668,0.225
13-08-21,524,8465,1405443,197,23810,11547,1274244,40641,8312423,107389,0.208
14-08-21,525,6885,1412328,178,23988,7805,1282049,33330,8345753,106291,0.207
15-08-21,526,6684,1419012,187,24175,11371,1293420,33001,8378754,101417,0.203
16-08-21,527,6959,1425971,174,24349,9268,1302688,33015,8411769,98934,0.211
17-08-21,528,7535,1433506,198,24547,12950,1315638,39278,8451047,93321,0.192
18-08-21,529,7248,1440754,172,24719,12112,1327750,41014,8492061,88285,0.177
19-08-21,530,6566,1447320,159,24878,10153,1337903,37226,8529287,84539,0.176
20-08-21,531,5993,1453313,145,25023,10574,1348477,34892,8564179,79813,0.172
21-08-21,532,3991,1457304,120,25143,7666,1356143,23882,8588061,76018,0.167
22-08-21,533,4804,1462108,139,25282,8453,1364596,31689,8619750,72230,0.152
23-08-21,534,5717,1467825,117,25399,8982,1373578,36789,8656539,68848,0.155
24-08-21,535,5249,1473074,114,25513,8907,1382485,34708,8691247,65076,0.151
25-08-21,536,4966,1478040,114,25627,7808,1390293,33640,8724887,62120,0.148
26-08-21,537,4698,1482738,102,25729,8314,1398607,33111,8757998,58402,0.142
27-08-21,538,3525,1486263,117,25846,6485,1405092,27578,8785576,55325,0.128
28-08-21,539,3436,1489699,80,25926,4861,1409953,25129,8810705,53820,0.137
29-08-21,540,3948,1493647,89,26015,6466,1416419,27921,8838626,51213,0.141
30-08-21,541,3724,1497371,94,26109,6186,1422605,30855,8869481,48657,0.121
31-08-21,542,3357,1500728,86,26195,3397,1426002,28097,8897578,48531,0.119
01-09-21,543,3062,1503790,79,26274,5999,1432001,30294,8927872,45515,0.101
02-09-21,544,3463,1507253,88,26362,5901,1437902,33025,8960897,42989,0.105
03-09-21,545,3167,1510420,70,26432,4697,1442599,29438,8990335,41389,0.108
04-09-21,546,1743,1512163,61,26493,3421,1446020,17750,9008085,39650,0.098
05-09-21,547,2430,1514593,70,26563,5060,1451080,25163,9033248,36950,0.097
06-09-21,548,2710,1517303,65,26628,4124,1455204,27595,9060843,35471,0.098
07-09-21,549,2639,1519942,56,26684,5567,1460771,27233,9088076,32487,0.097
08-09-21,550,2497,1522439,52,26736,3840,1464611,27528,9115604,31092,0.091
09-09-21,551,2588,1525027,58,26794,3617,1468228,29541,9145145,30005,0.088
10-09-21,552,2325,1527352,38,26832,3856,1472084,26878,9172023,28436,0.087
11-09-21,553,1327,1528679,48,26880,3168,1475252,18869,9190892,26547,0.07
12-09-21,554,1871,1530550,51,26931,3568,1478820,25074,9215966,24799,0.075
13-09-21,555,1953,1532503,41,26972,4112,1482932,25388,9241354,22599,0.077
14-09-21,556,2074,1534577,35,27007,3735,1486667,31724,9273078,20903,0.065
15-09-21,557,1996,1536573,51,27058,3873,1490540,28109,9301187,18975,0.071
16-09-21,558,1862,1538435,51,27109,3549,1494089,27976,9329163,17237,0.067
17-09-21,559,1907,1540342,38,27147,2919,1497008,28206,9357369,16187,0.068
18-09-21,560,1821,1542163,35,27182,1645,1498653,27176,9384545,16328,0.067
19-09-21,561,1383,1543546,43,27225,2887,1501540,26404,9410949,14781,0.052
20-09-21,562,1555,1545101,26,27251,1565,1503105,26696,9437645,14745,0.058
21-09-21,563,1562,1546663,26,27277,1603,1504708,26925,9464570,14678,0.058
22-09-21,564,1376,1548039,36,27313,1427,1506135,26942,9491512,14591,0.051
23-09-21,565,1144,1549183,24,27337,1653,1507788,26400,9517912,14058,0.043
24-09-21,566,1233,1550416,31,27368,1413,1509201,25496,9543408,13847,0.048
25-09-21,567,818,1551234,25,27393,965,1510166,26232,9569640,13675,0.031
26-09-21,568,980,1552214,21,27414,1312,1511478,26596,9596236,13322,0.037
27-09-21,569,1212,1553426,25,27439,1202,1512680,26647,9622883,13307,0.045
,,,,,,,,,,,
,,,,,,,,,,,
,,,,,,,,,,,
,,,,,,,,,,,
,,,,,,,,,,,
,,,,,,,,,,,
,,,,,,,,,,,
,,,,,,,,,,,
,,,,,,,,,,,
,,,,,,,,,,,
,,,,,,,,,,,
,,,,,,,,,,,
,,,,,,,,,,,
,,,,,,,,,,,
,,,,,,,,,,,
,,,,,,,,,,,
,,,,,,,,,,,
,,,,,,,,,,,
,,,,,,,,,,,
,,,,,,,,,,,
,,,,,,,,,,,
,,,,,,,,,,,
,,,,,,,,,,,
,,,,,,,,,,,
,,,,,,,,,,,
,,,,,,,,,,,
,,,,,,,,,,,
,,,,,,,,,,,
,,,,,,,,,,,
,,,,,,,,,,,
,,,,,,,,,,,
,,,,,,,,,,,
,,,,,,,,,,,
,,,,,,,,,,,
,,,,,,,,,,,
,,,,,,,,,,,
,,,,,,,,,,,
,,,,,,,,,,,
,,,,,,,,,,,
,,,,,,,,,,,
,,,,,,,,,,,
,,,,,,,,,,,
,,,,,,,,,,,
,,,,,,,,,,,
,,,,,,,,,,,
,,,,,,,,,,,
,,,,,,,,,,,
,,,,,,,,,,,
,,,,,,,,,,,
,,,,,,,,,,,
,,,,,,,,,,,
,,,,,,,,,,,
,,,,,,,,,,,
,,,,,,,,,,,
,,,,,,,,,,,
,,,,,,,,,,,
,,,,,,,,,,,
,,,,,,,,,,,
,,,,,,,,,,,
,,,,,,,,,,,
,,,,,,,,,,,
,,,,,,,,,,,
,,,,,,,,,,,
,,,,,,,,,,,
,,,,,,,,,,,
,,,,,,,,,,,
,,,,,,,,,,,
,,,,,,,,,,,
,,,,,,,,,,,
,,,,,,,,,,,
,,,,,,,,,,,
,,,,,,,,,,,
,,,,,,,,,,,
,,,,,,,,,,,
,,,,,,,,,,,
,,,,,,,,,,,
,,,,,,,,,,,
,,,,,,,,,,,
,,,,,,,,,,,
,,,,,,,,,,,
,,,,,,,,,,,
,,,,,,,,,,,
,,,,,,,,,,,
,,,,,,,,,,,
,,,,,,,,,,,
,,,,,,,,,,,
,,,,,,,,,,,
,,,,,,,,,,,
,,,,,,,,,,,
,,,,,,,,,,,
,,,,,,,,,,,
,,,,,,,,,,,
,,,,,,,,,,,
,,,,,,,,,,,
,,,,,,,,,,,
,,,,,,,,,,,
,,,,,,,,,,,
,,,,,,,,,,,
,,,,,,,,,,,
,,,,,,,,,,,
,,,,,,,,,,,
,,,,,,,,,,,
,,,,,,,,,,,
,,,,,,,,,,,
,,,,,,,,,,,
,,,,,,,,,,,
,,,,,,,,,,,
,,,,,,,,,,,
,,,,,,,,,,,
,,,,,,,,,,,
,,,,,,,,,,,
,,,,,,,,,,,
,,,,,,,,,,,
,,,,,,,,,,,
,,,,,,,,,,,
,,,,,,,,,,,
,,,,,,,,,,,
,,,,,,,,,,,
,,,,,,,,,,,
,,,,,,,,,,,
,,,,,,,,,,,
,,,,,,,,,,,
,,,,,,,,,,,
,,,,,,,,,,,
,,,,,,,,,,,
,,,,,,,,,,,
,,,,,,,,,,,
,,,,,,,,,,,
,,,,,,,,,,,
,,,,,,,,,,,
,,,,,,,,,,,
,,,,,,,,,,,
,,,,,,,,,,,
,,,,,,,,,,,
,,,,,,,,,,,
,,,,,,,,,,,
,,,,,,,,,,,
,,,,,,,,,,,
,,,,,,,,,,,
,,,,,,,,,,,
,,,,,,,,,,,
,,,,,,,,,,,
,,,,,,,,,,,
,,,,,,,,,,,
,,,,,,,,,,,
,,,,,,,,,,,
,,,,,,,,,,,
,,,,,,,,,,,
,,,,,,,,,,,
,,,,,,,,,,,
,,,,,,,,,,,
,,,,,,,,,,,
,,,,,,,,,,,
,,,,,,,,,,,
,,,,,,,,,,,
,,,,,,,,,,,
,,,,,,,,,,,
,,,,,,,,,,,
,,,,,,,,,,,
,,,,,,,,,,,
,,,,,,,,,,,
,,,,,,,,,,,
,,,,,,,,,,,
,,,,,,,,,,,
,,,,,,,,,,,
,,,,,,,,,,,
,,,,,,,,,,,
,,,,,,,,,,,
,,,,,,,,,,,
,,,,,,,,,,,
,,,,,,,,,,,
,,,,,,,,,,,
,,,,,,,,,,,
,,,,,,,,,,,
,,,,,,,,,,,
,,,,,,,,,,,
,,,,,,,,,,,
,,,,,,,,,,,
,,,,,,,,,,,
,,,,,,,,,,,
,,,,,,,,,,,
,,,,,,,,,,,
,,,,,,,,,,,
,,,,,,,,,,,
,,,,,,,,,,,
,,,,,,,,,,,
,,,,,,,,,,,
,,,,,,,,,,,
,,,,,,,,,,,
,,,,,,,,,,,
,,,,,,,,,,,
,,,,,,,,,,,
,,,,,,,,,,,
,,,,,,,,,,,
,,,,,,,,,,,
,,,,,,,,,,,
,,,,,,,,,,,
,,,,,,,,,,,
,,,,,,,,,,,
,,,,,,,,,,,
,,,,,,,,,,,
,,,,,,,,,,,
,,,,,,,,,,,
,,,,,,,,,,,
,,,,,,,,,,,
,,,,,,,,,,,
,,,,,,,,,,,
,,,,,,,,,,,
,,,,,,,,,,,
,,,,,,,,,,,
,,,,,,,,,,,
,,,,,,,,,,,
,,,,,,,,,,,
,,,,,,,,,,,
,,,,,,,,,,,
,,,,,,,,,,,
,,,,,,,,,,,
,,,,,,,,,,,
,,,,,,,,,,,
,,,,,,,,,,,
,,,,,,,,,,,
,,,,,,,,,,,
,,,,,,,,,,,
,,,,,,,,,,,
,,,,,,,,,,,
,,,,,,,,,,,
,,,,,,,,,,,
,,,,,,,,,,,
,,,,,,,,,,,
,,,,,,,,,,,
,,,,,,,,,,,
,,,,,,,,,,,
,,,,,,,,,,,
,,,,,,,,,,,
,,,,,,,,,,,
,,,,,,,,,,,
,,,,,,,,,,,
,,,,,,,,,,,
,,,,,,,,,,,
,,,,,,,,,,,
,,,,,,,,,,,
,,,,,,,,,,,
,,,,,,,,,,,
,,,,,,,,,,,
,,,,,,,,,,,
,,,,,,,,,,,
,,,,,,,,,,,
,,,,,,,,,,,
,,,,,,,,,,,
,,,,,,,,,,,
,,,,,,,,,,,
,,,,,,,,,,,
,,,,,,,,,,,
,,,,,,,,,,,
,,,,,,,,,,,
,,,,,,,,,,,
,,,,,,,,,,,
,,,,,,,,,,,
,,,,,,,,,,,
,,,,,,,,,,,
,,,,,,,,,,,
,,,,,,,,,,,
,,,,,,,,,,,
,,,,,,,,,,,
,,,,,,,,,,,
,,,,,,,,,,,
,,,,,,,,,,,
,,,,,,,,,,,
,,,,,,,,,,,
,,,,,,,,,,,
,,,,,,,,,,,
,,,,,,,,,,,
,,,,,,,,,,,
,,,,,,,,,,,
,,,,,,,,,,,
,,,,,,,,,,,
,,,,,,,,,,,
,,,,,,,,,,,
,,,,,,,,,,,
,,,,,,,,,,,
,,,,,,,,,,,
,,,,,,,,,,,
,,,,,,,,,,,
,,,,,,,,,,,
,,,,,,,,,,,
,,,,,,,,,,,
,,,,,,,,,,,
,,,,,,,,,,,
,,,,,,,,,,,
,,,,,,,,,,,
,,,,,,,,,,,
,,,,,,,,,,,
,,,,,,,,,,,
,,,,,,,,,,,
,,,,,,,,,,,
,,,,,,,,,,,
,,,,,,,,,,,
,,,,,,,,,,,
,,,,,,,,,,,
,,,,,,,,,,,
,,,,,,,,,,,
,,,,,,,,,,,
,,,,,,,,,,,
,,,,,,,,,,,
,,,,,,,,,,,
,,,,,,,,,,,
,,,,,,,,,,,
,,,,,,,,,,,
,,,,,,,,,,,
,,,,,,,,,,,
,,,,,,,,,,,
,,,,,,,,,,,
,,,,,,,,,,,
,,,,,,,,,,,
,,,,,,,,,,,
,,,,,,,,,,,
,,,,,,,,,,,
,,,,,,,,,,,
,,,,,,,,,,,
,,,,,,,,,,,
,,,,,,,,,,,
,,,,,,,,,,,
,,,,,,,,,,,
,,,,,,,,,,,
,,,,,,,,,,,
,,,,,,,,,,,
,,,,,,,,,,,
,,,,,,,,,,,
,,,,,,,,,,,
,,,,,,,,,,,
,,,,,,,,,,,
,,,,,,,,,,,
,,,,,,,,,,,
,,,,,,,,,,,
,,,,,,,,,,,
,,,,,,,,,,,
,,,,,,,,,,,
,,,,,,,,,,,
,,,,,,,,,,,
,,,,,,,,,,,
,,,,,,,,,,,
,,,,,,,,,,,
,,,,,,,,,,,
,,,,,,,,,,,
,,,,,,,,,,,
,,,,,,,,,,,
,,,,,,,,,,,
,,,,,,,,,,,
,,,,,,,,,,,
,,,,,,,,,,,
,,,,,,,,,,,
,,,,,,,,,,,
,,,,,,,,,,,
,,,,,,,,,,,
,,,,,,,,,,,
,,,,,,,,,,,
,,,,,,,,,,,
,,,,,,,,,,,
,,,,,,,,,,,
,,,,,,,,,,,
,,,,,,,,,,,
,,,,,,,,,,,
,,,,,,,,,,,
,,,,,,,,,,,
,,,,,,,,,,,
,,,,,,,,,,,
,,,,,,,,,,,
,,,,,,,,,,,
,,,,,,,,,,,
,,,,,,,,,,,
,,,,,,,,,,,
,,,,,,,,,,,
,,,,,,,,,,,
,,,,,,,,,,,
,,,,,,,,,,,
,,,,,,,,,,,
,,,,,,,,,,,
,,,,,,,,,,,
,,,,,,,,,,,
,,,,,,,,,,,
,,,,,,,,,,,
,,,,,,,,,,,
,,,,,,,,,,,
,,,,,,,,,,,
,,,,,,,,,,,
,,,,,,,,,,,
,,,,,,,,,,,
,,,,,,,,,,,
,,,,,,,,,,,
,,,,,,,,,,,
,,,,,,,,,,,
,,,,,,,,,,,
,,,,,,,,,,,
,,,,,,,,,,,
,,,,,,,,,,,
,,,,,,,,,,,
,,,,,,,,,,,
,,,,,,,,,,,
,,,,,,,,,,,
,,,,,,,,,,,
,,,,,,,,,,,
,,,,,,,,,,,
,,,,,,,,,,,
,,,,,,,,,,,
,,,,,,,,,,,
,,,,,,,,,,,
,,,,,,,,,,,
,,,,,,,,,,,
,,,,,,,,,,,
,,,,,,,,,,,
,,,,,,,,,,,
,,,,,,,,,,,
,,,,,,,,,,,
,,,,,,,,,,,
,,,,,,,,,,,
,,,,,,,,,,,
,,,,,,,,,,,
,,,,,,,,,,,
,,,,,,,,,,,
,,,,,,,,,,,
,,,,,,,,,,,
,,,,,,,,,,,
,,,,,,,,,,,
,,,,,,,,,,,
,,,,,,,,,,,
,,,,,,,,,,,
,,,,,,,,,,,
,,,,,,,,,,,
,,,,,,,,,,,
,,,,,,,,,,,
